lag time t,dr^2
0.008333333333333335,0.006441426604314973
0.016666666666666666,0.01137847616263187
0.025,0.01614945937122677
0.03333333333333334,0.020876337157784797
0.041666666666666664,0.025507522148741944
0.049999999999999996,0.03003594072049762
0.058333333333333334,0.03440654440205286
0.06666666666666667,0.038693771565791756
0.07500000000000001,0.04289472141321493
0.08333333333333333,0.04702720814167361
0.09166666666666667,0.05110892348767021
0.09999999999999999,0.05506479691751963
0.10833333333333334,0.05899860414277685
0.11666666666666667,0.06275779280331854
0.125,0.0664027779769923
0.13333333333333333,0.0701651749257057
0.14166666666666666,0.07378555570465271
0.14999999999999997,0.07743113869286365
0.15833333333333333,0.08103335545721622
0.16666666666666666,0.08470148980666489
0.17500000000000002,0.08823719829440158
0.18333333333333332,0.09190189105928856
0.19166666666666668,0.09545941126353726
0.19999999999999998,0.09917748094610744
0.20833333333333337,0.10282062235170836
0.21666666666666667,0.10634638374602896
0.225,0.10983135601487695
0.23333333333333334,0.11330031850218578
0.24166666666666667,0.1169015352762461
0.25,0.12040013155360385
0.25833333333333336,0.1236501498501237
0.26666666666666666,0.12682421106265726
0.275,0.1301145405574917
0.2833333333333333,0.1333341295045453
0.2916666666666667,0.13643126126725177
0.3,0.13962960042476152
0.30833333333333335,0.14278651285961524
0.31666666666666665,0.1457983070208936
0.32500000000000007,0.14889728148175232
0.33333333333333326,0.15201006463634503
0.3416666666666667,0.15508838894478802
0.3499999999999999,0.1583349029669456
0.3583333333333333,0.1617520435399006
0.36666666666666664,0.1651226700124563
0.375,0.16823987358676337
0.3833333333333334,0.17151464654465867
0.39166666666666666,0.17480197276946213
0.4,0.1780607146683145
0.4083333333333333,0.18133370657193756
0.4166666666666667,0.1847215795582386
0.42499999999999993,0.18777446235152936
0.4333333333333333,0.19033960369421077
0.44166666666666665,0.1938189585294824
0.44999999999999996,0.19679602680289085
0.4583333333333333,0.199740381245241
0.4666666666666667,0.20251546117455452
0.4749999999999999,0.20569698333719824
0.48333333333333334,0.20878512852287875
0.4916666666666667,0.2114674147007792
0.5,0.21451534660455085
0.5083333333333333,0.21728057898282466
0.5166666666666667,0.2198528594053851
0.525,0.22315379731426457
0.5333333333333333,0.22580179011168341
0.5416666666666666,0.22891528611796755
0.55,0.23201642198891986
0.5583333333333335,0.23481055526816588
0.5666666666666667,0.23786491920821978
0.575,0.2407542970143624
0.5833333333333334,0.24421941590740154
0.5916666666666668,0.24714710129369674
0.6,0.249982399975173
0.6083333333333332,0.2532088798078296
0.6166666666666667,0.25622300095433115
0.625,0.25923121760489726
0.6333333333333334,0.26169771056736524
0.6416666666666667,0.26427328258292093
0.65,0.2674171755224688
0.6583333333333333,0.2704960779392879
0.6666666666666666,0.27281053853732
0.675,0.27577036446743414
0.6833333333333335,0.2782864927957202
0.6916666666666667,0.28146191908813756
0.7,0.28425861711769185
0.7083333333333333,0.2868853468085415
0.7166666666666667,0.28982406596077087
0.7250000000000001,0.29266468001506263
0.7333333333333333,0.29592769226210586
0.7416666666666668,0.2989933258896816
0.7500000000000001,0.3017313584186339
0.7583333333333333,0.30471372625079785
0.7666666666666668,0.3079321486374442
0.775,0.3109317355485418
0.7833333333333333,0.3137860394865844
0.7916666666666665,0.316431934543093
0.8000000000000002,0.3192196637742934
0.8083333333333333,0.32168364363285484
0.8166666666666667,0.3251708498745364
0.825,0.32797804535587644
0.8333333333333335,0.3306530475981731
0.8416666666666668,0.3339113527119891
0.8499999999999999,0.3367900493535032
0.8583333333333333,0.33941435375035545
0.8666666666666666,0.34305973891493907
0.8749999999999999,0.3457669947632955
0.8833333333333332,0.3485330598585579
0.8916666666666667,0.3512887870971821
0.8999999999999999,0.35443827584262666
0.9083333333333332,0.3580604062257254
0.9166666666666665,0.36108188017873993
0.925,0.3637791238859752
0.9333333333333335,0.3668852863547753
0.9416666666666665,0.36961631980635595
0.9499999999999998,0.3720588816455038
0.9583333333333333,0.3756619587031944
0.9666666666666666,0.3790986984360031
0.975,0.38195789265535984
0.9833333333333333,0.3839976142516105
0.9916666666666667,0.3874577412795809
1.0,0.39003004763033233
1.008333333333333,0.3927912633308108
1.0166666666666666,0.39535660232564107
1.0249999999999997,0.39895025610696533
1.0333333333333334,0.4014518250530621
1.0416666666666667,0.4040194011353537
1.0499999999999998,0.4067161894964166
1.0583333333333333,0.41010838444163483
1.0666666666666667,0.41266817137035666
1.075,0.41608200021814634
1.0833333333333335,0.4191921187718936
1.0916666666666666,0.42214621657946527
1.1,0.4251557952340094
1.1083333333333334,0.42908462936109126
1.1166666666666667,0.4315937149226933
1.1249999999999998,0.4337636178141508
1.1333333333333333,0.4369722838617966
1.1416666666666664,0.439532390922615
1.15,0.441727868472383
1.1583333333333334,0.4438294937093184
1.166666666666667,0.44657703756232425
1.175,0.44928412032419146
1.1833333333333336,0.45156232583563694
1.1916666666666667,0.4551236711834241
1.1999999999999997,0.4573748234990461
1.2083333333333333,0.46080280355372133
1.2166666666666666,0.4644349286813094
1.2249999999999999,0.46694719031005966
1.2333333333333334,0.47062810712532116
1.2416666666666667,0.4729538675471295
1.25,0.4769323654433907
1.2583333333333333,0.47922944092925013
1.2666666666666668,0.48194027645320214
1.275,0.4856601060214498
1.2833333333333337,0.4878395111834343
1.2916666666666665,0.48988968311845005
1.3,0.49320024004953644
1.3083333333333333,0.4943998797667244
1.3166666666666667,0.49688306344047317
1.325,0.5003567483441402
1.3333333333333335,0.5026190383163239
1.3416666666666666,0.5062784630350542
1.3499999999999999,0.5087106972425521
1.3583333333333334,0.5125619868778345
1.366666666666667,0.5143314828495019
1.3750000000000002,0.5158172756245383
1.3833333333333333,0.5180494928368288
1.3916666666666664,0.5202300929135817
1.4,0.5234599349309911
1.4083333333333334,0.5256120932341671
1.4166666666666667,0.5283886360260688
1.4249999999999998,0.5323807127154068
1.4333333333333333,0.5360233885315778
1.4416666666666669,0.5388611529855962
1.45,0.5418225517965085
1.4583333333333335,0.5444087932006869
1.4666666666666666,0.5460459375437855
1.475,0.5503089370440414
1.4833333333333334,0.5533268018552213
1.4916666666666667,0.5564863999333903
1.5,0.5597108884077925
1.5083333333333337,0.5634736668607164
1.5166666666666666,0.566643321459441
1.525,0.5691221088707654
1.5333333333333334,0.5721765214984642
1.5416666666666665,0.5758282861135658
1.55,0.5792840508202031
1.5583333333333333,0.5824205676349892
1.5666666666666664,0.5852815145101576
1.575,0.5885549300923363
1.5833333333333333,0.5903399021650995
1.5916666666666666,0.5919730783818314
1.6,0.5938881630542332
1.6083333333333334,0.5972029441481715
1.616666666666667,0.6006402764684595
1.625,0.6029839917548757
1.633333333333333,0.6057907794223046
1.6416666666666666,0.6087295826650131
1.6499999999999997,0.6106728718314615
1.6583333333333334,0.6130706776454257
1.666666666666667,0.6151878482825169
1.6750000000000003,0.6198208513163078
1.6833333333333331,0.6227344852022533
1.6916666666666669,0.6209972328656587
1.6999999999999997,0.6247867322470702
1.7083333333333328,0.6269258083886377
1.7166666666666666,0.628830872759778
1.725,0.6297198917375977
1.7333333333333336,0.633014382276507
1.7416666666666667,0.6360194865363957
1.75,0.6385537084327287
1.758333333333333,0.6440035973698133
1.7666666666666666,0.6463192844222955
1.7750000000000001,0.6485563795961511
1.7833333333333337,0.6517371082616334
1.7916666666666667,0.6526938430517071
1.7999999999999998,0.6544590870652706
1.8083333333333336,0.657999402427178
1.8166666666666664,0.6619124018221514
1.825,0.6665947657111826
1.8333333333333333,0.6698540006057984
1.8416666666666666,0.6732418219086247
1.8500000000000003,0.6757452384531476
1.8583333333333332,0.6761008721375164
1.866666666666667,0.6748710319183969
1.875,0.6785158719926385
1.8833333333333335,0.6852517661879396
1.8916666666666664,0.6855292929006281
1.9,0.6880938985945362
1.9083333333333332,0.6902631927546071
1.916666666666667,0.6925454467590351
1.9250000000000003,0.6932647231669479
1.9333333333333336,0.696591866325136
1.9416666666666667,0.6998070344260313
1.9499999999999997,0.7012067440694931
1.9583333333333337,0.7047035365381673
1.9666666666666668,0.7063786498081734
1.9750000000000003,0.7096990371809058
1.9833333333333332,0.7139763108594598
1.9916666666666665,0.7147505621520753
2.0,0.7158175821521193
2.0083333333333337,0.721908348476289
2.0166666666666666,0.7253465668882288
2.025,0.7277288390600236
2.0333333333333328,0.7285012782013442
2.0416666666666665,0.7308846409082241
2.05,0.7333513724118368
2.058333333333333,0.7381291001278926
2.066666666666667,0.7401654217572305
2.0750000000000006,0.7440308057612708
2.083333333333334,0.7471328653215294
2.091666666666667,0.7481524843617381
2.1,0.7497928881556088
2.1083333333333334,0.7547634296461136
2.1166666666666667,0.7604049685876805
2.125,0.7635783307070723
2.1333333333333333,0.7640206279747567
2.141666666666666,0.7619932276938528
2.15,0.7650371715231123
2.1583333333333337,0.7737797011197909
2.1666666666666665,0.7792881787549321
2.1750000000000003,0.7771930603363076
2.183333333333333,0.7809637461985524
2.191666666666667,0.7850128144883242
2.1999999999999997,0.7872942968462746
2.2083333333333335,0.7898330640930359
2.216666666666667,0.7926142837112478
2.225,0.7963424822052051
2.2333333333333334,0.799820078847264
2.2416666666666663,0.8031613117978635
2.25,0.8049456228759843
2.2583333333333337,0.8062485955241665
2.2666666666666666,0.8104383384035856
2.2750000000000004,0.8122697280881241
2.283333333333333,0.8154605471108456
2.2916666666666665,0.8179644981864439
2.3,0.8210294076918307
2.308333333333333,0.8234519102057454
2.316666666666667,0.8273118727469811
2.325,0.830526722451143
2.3333333333333335,0.832965569901312
2.341666666666667,0.8343939064106581
2.35,0.8395290425336432
2.3583333333333334,0.838386407693429
2.3666666666666667,0.8388534958468069
2.3749999999999996,0.8401567185634872
2.383333333333333,0.8380113247790815
2.3916666666666666,0.8407299592874427
2.4,0.8436264975623079
2.408333333333333,0.8453644162019812
2.4166666666666665,0.8512059378318474
2.425,0.8541852053250398
2.4333333333333336,0.8516453509104114
2.441666666666667,0.8542321590496841
2.4500000000000006,0.8546915167165261
2.4583333333333335,0.8578511947713133
2.4666666666666663,0.8613023258865724
2.4750000000000005,0.8644595481414876
2.4833333333333334,0.8674023362785191
2.4916666666666663,0.8700666340336765
2.5,0.8745798055283136
2.5083333333333333,0.8790989272277406
2.516666666666667,0.8807291417608863
2.525,0.8795060826235798
2.533333333333333,0.881990336125887
2.541666666666667,0.8856611967065148
2.5499999999999994,0.8888250389565578
2.558333333333333,0.8898780689998189
2.5666666666666664,0.8934423846492828
2.575,0.89768167278891
2.583333333333333,0.8986750422468365
2.5916666666666672,0.9020961848905092
2.6,0.9036190328352601
2.6083333333333334,0.9039084470398684
2.6166666666666667,0.9094013798074256
2.6249999999999996,0.9144727211555747
2.6333333333333333,0.9158651985185147
2.641666666666667,0.9153746638568392
2.6499999999999995,0.9222865925947266
2.6583333333333337,0.9270960870193881
2.6666666666666665,0.9277652568315399
2.675,0.9309758752439359
2.683333333333333,0.9337810005360401
2.691666666666667,0.9353832648347173
2.7,0.9383324609497199
2.7083333333333335,0.9414008399317396
2.716666666666667,0.9446752154833628
2.725,0.9466723046875501
2.7333333333333334,0.9520088561376109
2.7416666666666667,0.9575581787432532
2.75,0.96106331332442
2.758333333333333,0.9639411491274839
2.766666666666667,0.9677168401503263
2.775,0.9699072616081333
2.783333333333333,0.972717614265701
2.791666666666666,0.9789054208624267
2.8,0.9843386723361702
2.8083333333333327,0.9875232438920036
2.816666666666667,0.9928974053120343
2.8249999999999997,0.9953241343312786
2.833333333333334,0.9972482778655197
2.841666666666667,0.9782837550696538
2.8500000000000005,0.9814941281022364
2.8583333333333334,0.9862691421087861
2.8666666666666667,0.9940812240287953
2.875,0.9985606903836404
2.8833333333333333,1.000086548282267
2.8916666666666666,1.0051179740237834
2.9,1.008789032932286
2.9083333333333328,1.011950236833513
2.916666666666667,1.0159591925688787
2.925,1.01689998112842
2.933333333333333,1.0191776327436752
2.941666666666667,1.0242612224339562
2.9499999999999997,1.0290147817250064
2.958333333333333,1.032294740913883
2.966666666666667,1.0327154946433736
2.9749999999999996,1.0399310780385034
2.9833333333333334,1.0453800958418678
2.9916666666666663,1.0485894955227564
3.0,1.051519011155528
3.0083333333333333,1.060828233637442
3.016666666666666,1.0635952113165226
3.0249999999999995,1.0679139553324604
3.033333333333333,1.070658618937481
3.041666666666667,1.0738509717777835
3.0500000000000003,1.0775094260587512
3.058333333333333,1.0779512181739133
3.0666666666666664,1.0709749029194628
3.0749999999999997,1.0751846352813523
3.083333333333333,1.0780195593255733
3.091666666666667,1.0765703704215426
3.1,1.0837264560390476
3.1083333333333334,1.0912329799504397
3.1166666666666663,1.0943858461561338
3.1250000000000004,1.0945077901612377
3.133333333333333,1.0898744245646494
3.1416666666666666,1.0931551324303472
3.15,1.1005181491273281
3.1583333333333328,1.1040080391542346
3.1666666666666665,1.0901431209420174
3.1750000000000003,1.0935007016178764
3.1833333333333327,1.0960306346459205
3.191666666666667,1.099616508525832
3.1999999999999997,1.105191401578059
3.208333333333333,1.1100633097362096
3.2166666666666663,1.1114146137201812
3.225,1.1135007470393727
3.2333333333333334,1.1158905848942942
3.2416666666666667,1.118329014109824
3.2499999999999996,1.1133980910259982
3.258333333333333,1.1187722204142583
3.266666666666666,1.1217544185801533
3.2749999999999995,1.1235291197947765
3.2833333333333328,1.1269193907956563
3.2916666666666665,1.1296910905219788
3.3000000000000003,1.1345236891848396
3.308333333333333,1.1371120549281064
3.316666666666667,1.1427272471832788
3.3250000000000006,1.145925704547278
3.3333333333333335,1.1497749718581096
3.3416666666666663,1.1413488364353963
3.35,1.1480514239669128
3.3583333333333334,1.15139219518349
3.3666666666666663,1.153250238651843
3.3749999999999996,1.1550993789765636
3.3833333333333333,1.157153294096855
3.391666666666666,1.1597556720503168
3.4000000000000004,1.1643268713215276
3.408333333333333,1.1652597253338135
3.4166666666666665,1.1713316994966778
3.4249999999999994,1.17372298813703
3.433333333333333,1.1751779419626223
3.441666666666667,1.1781174572851856
3.4499999999999997,1.1812875094118425
3.458333333333333,1.1798961898252904
3.4666666666666663,1.182887009641151
3.4749999999999996,1.1896450061352897
3.483333333333334,1.1920304784739124
3.4916666666666663,1.1904272596380532
3.5,1.1922949455216223
3.5083333333333333,1.1959354250863055
3.516666666666666,1.2000143160957035
3.5249999999999995,1.2012394323576616
3.5333333333333328,1.1966613835498754
3.5416666666666665,1.1990255510830612
3.5500000000000003,1.2011787518805197
3.558333333333333,1.1989736589177529
3.5666666666666673,1.2093632225808528
3.5749999999999997,1.2171629414130272
3.583333333333333,1.2208063498888848
3.5916666666666672,1.2220381845345647
3.5999999999999996,1.2248549381539775
3.6083333333333334,1.2301576738548055
3.616666666666667,1.2319168850904736
3.6249999999999996,1.2343268438158286
3.633333333333333,1.2384216887274142
3.641666666666666,1.2437959922230426
3.65,1.244062385294602
3.6583333333333337,1.2466580251204467
3.6666666666666665,1.2483929266259621
3.675,1.2514188817408347
3.6833333333333336,1.2546542208036608
3.691666666666667,1.2493492982377186
3.7,1.269327079736989
3.708333333333333,1.263762365493312
3.716666666666667,1.2637543957131385
3.725,1.268204509102214
3.7333333333333334,1.2750243483124448
3.741666666666666,1.2751628093336038
3.75,1.2657763114212386
3.758333333333333,1.265915195482325
3.7666666666666666,1.264920943070152
3.7749999999999995,1.2901528947448142
3.7833333333333337,1.2787905294985846
3.7916666666666665,1.282656090981511
3.8,1.2900622916354085
3.8083333333333336,1.2987823457173127
3.816666666666667,1.303641840715282
3.8250000000000006,1.303965536588386
3.8333333333333335,1.3039181376890545
3.8416666666666663,1.3037697462476707
3.8500000000000005,1.309172392949117
3.858333333333334,1.311898363820885
3.8666666666666667,1.3108137357381742
3.875,1.3159274991995513
3.8833333333333333,1.327996842174802
3.8916666666666666,1.3306279527020812
3.9,1.3261749416979787
3.9083333333333328,1.3062352434138476
3.916666666666667,1.3139417830191553
3.925,1.3046756951679712
3.933333333333333,1.3093699607674985
3.9416666666666664,1.3079327464256851
3.95,1.3177013381583595
3.9583333333333335,1.3202653502856692
3.9666666666666672,1.3222560650990327
3.9749999999999996,1.3259681293836236
3.983333333333334,1.32707399473416
3.9916666666666667,1.3234031118035898
4.0,1.3333800278081018
4.008333333333333,1.3345032413292826
4.016666666666667,1.337721119581057
4.025000000000001,1.333816199523941
4.033333333333333,1.3419931673401493
4.041666666666667,1.3484774820242396
4.05,1.3458197298563228
4.058333333333334,1.3492299330590758
4.066666666666666,1.3548063061632085
4.075,1.3581200860431908
4.083333333333333,1.357457293993151
4.091666666666667,1.36587118144724
4.1,1.3699605139650366
4.108333333333333,1.3711872264698446
4.116666666666666,1.3767313622797313
4.125,1.3858045948483795
4.133333333333334,1.391552954453932
4.141666666666666,1.396397338863426
4.150000000000001,1.4032840031488236
4.158333333333333,1.410804804866667
4.166666666666667,1.4159386556576286
4.175,1.42109335865596
4.183333333333334,1.406458751066106
4.191666666666667,1.4287573954127615
4.2,1.4418290185100286
4.208333333333334,1.420071421221114
4.216666666666667,1.4242594991384547
4.225,1.42580807537304
4.233333333333333,1.417265617237608
4.241666666666666,1.4208478132517042
4.25,1.4235157893536885
4.258333333333334,1.4259770839578527
4.266666666666667,1.4282870540260617
4.275,1.4316971274513242
4.283333333333333,1.4361975181268132
4.291666666666667,1.44062313367363
4.3,1.4510864836682067
4.308333333333334,1.4541799934578394
4.316666666666666,1.4595341122592465
4.325,1.466079599771006
4.333333333333333,1.4681578738368306
4.341666666666667,1.4709775943048904
4.35,1.4756467875783905
4.358333333333334,1.4640727616214286
4.366666666666666,1.462509263625892
4.375,1.4649699901371156
4.383333333333334,1.4685495959057195
4.391666666666667,1.4707050926898606
4.4,1.4798586746264693
4.408333333333333,1.481706418336321
4.416666666666667,1.4821473049641363
4.425,1.488674700711063
4.433333333333334,1.4998858505015351
4.441666666666666,1.4978354815112676
4.45,1.5002044385539295
4.458333333333333,1.5054338647223795
4.466666666666667,1.5061812655369677
4.4750000000000005,1.5112163848921836
4.483333333333333,1.517869361052723
4.491666666666666,1.4752683354847398
4.5,1.5023330172855425
4.508333333333334,1.5033110361086919
4.516666666666667,1.4918541061229502
4.525000000000001,1.5064341542378825
4.533333333333333,1.5049889905299445
4.541666666666667,1.5088994436173568
4.55,1.494975298745016
4.558333333333334,1.4990001969865316
4.566666666666666,1.497506280915677
4.574999999999999,1.5001899769097362
4.583333333333333,1.5036038624572294
4.591666666666666,1.5084232960259116
4.6000000000000005,1.514882915804641
4.608333333333333,1.517718954795537
4.616666666666666,1.513352438000249
4.625,1.518068116395719
4.633333333333334,1.5228148593616204
4.641666666666667,1.5261312741569322
4.6499999999999995,1.5321048399665511
4.658333333333333,1.5361964049550656
4.666666666666668,1.5467692985260444
4.675,1.5503300765944317
4.683333333333334,1.5543664479902455
4.691666666666666,1.5481333394175885
4.7,1.5523796630629385
4.708333333333333,1.5572638707072528
4.716666666666667,1.5614053669761745
4.725,1.5644035045218763
4.733333333333333,1.5589079464432858
4.741666666666666,1.5723777025970997
4.750000000000001,1.577445552355058
4.758333333333334,1.5709599723966947
4.766666666666666,1.5856053258262572
4.7749999999999995,1.5892854268470937
4.783333333333333,1.6018495066583605
4.791666666666667,1.6065582949277353
4.8,1.610292199382938
4.808333333333334,1.6197835939977416
4.816666666666666,1.6245691539987703
4.824999999999999,1.6288445558642333
4.833333333333332,1.6332474576968312
4.841666666666667,1.637557207218947
4.85,1.6421513035313018
4.858333333333333,1.6468747911187664
4.866666666666667,1.650798392007916
4.875,1.6547444755104028
4.883333333333334,1.6590631045571673
4.891666666666667,1.6626786665984163
4.9,1.6660926707014632
4.908333333333333,1.6704234907695552
4.916666666666667,1.6811267589861956
4.925,1.6857540144574465
4.9333333333333345,1.688490989230399
4.941666666666666,1.6930942097458441
4.95,1.698478397835277
4.958333333333334,1.7017166131092911
4.966666666666666,1.7047850467181647
4.975,1.6899386951239121
4.9833333333333325,1.6950230586711714
4.991666666666666,1.7039984304151625
5.0,1.7017200650327822
5.008333333333334,1.706163541073451
5.016666666666667,1.7107328342134447
5.025,1.7120947489532117
5.033333333333333,1.7186321021671995
5.041666666666667,1.7216234235741523
5.049999999999999,1.7290961637682434
5.058333333333334,1.732834389234634
5.066666666666666,1.7363831381956158
5.075,1.7312667586133519
5.083333333333334,1.740362860709999
5.091666666666667,1.7419377812465648
5.1000000000000005,1.7434854156070396
5.108333333333333,1.7075491165161436
5.116666666666667,1.7107579867837721
5.125,1.7130244305846116
5.133333333333335,1.7179854917063377
5.1416666666666675,1.7215826456081615
5.150000000000001,1.724273622170704
5.158333333333333,1.7265335193624383
5.166666666666666,1.7303460478365178
5.175,1.7330430476737122
5.183333333333333,1.7528784035839386
5.191666666666666,1.7665676367391738
5.2,1.7734203027092124
5.208333333333333,1.7765814391641386
5.216666666666666,1.7798093609636343
5.225,1.7836314895738494
5.233333333333333,1.757583096610723
5.241666666666666,1.7912949320783211
5.250000000000001,1.7946540459066882
5.258333333333334,1.7810314858684662
5.266666666666666,1.756278522325942
5.275,1.7633386556671624
5.283333333333333,1.7359619532344353
5.291666666666666,1.73985604180308
5.300000000000001,1.7479731357695238
5.308333333333334,1.7494827205366197
5.316666666666666,1.7550144370794436
5.325000000000001,1.7524651459495053
5.333333333333334,1.7542650171328493
5.341666666666667,1.7534147224694419
5.35,1.7570103344146357
5.358333333333333,1.7486148463813977
5.366666666666665,1.770456944606399
5.375,1.7867445303512854
5.383333333333334,1.7907325530494842
5.391666666666667,1.7970989173338219
5.400000000000001,1.7824790397459613
5.408333333333333,1.7843746062369044
5.416666666666668,1.7877578495055038
5.425,1.7893202181243577
5.433333333333334,1.7982905362088952
5.441666666666666,1.7997499315706338
5.450000000000001,1.8073046988466783
5.458333333333333,1.8064724067716023
5.466666666666667,1.8177931108388887
5.474999999999999,1.8016463881446116
5.483333333333334,1.8203737026518765
5.491666666666666,1.8213512619306331
5.5,1.84089717675847
5.508333333333334,1.8642711693332787
5.516666666666666,1.8778844860123487
5.525000000000001,1.84780751249374
5.533333333333333,1.8544775042341026
5.541666666666668,1.8590851486314472
5.55,1.862822040964068
5.558333333333334,1.8671554902049716
5.5666666666666655,1.872178881393779
5.575,1.871572873782983
5.583333333333335,1.8801722761483923
5.591666666666667,1.883187521406412
5.6,1.885131432459316
5.608333333333333,1.9015648376759198
5.616666666666667,1.9059768664899426
5.624999999999999,1.9092981237144127
5.633333333333334,1.910845479168256
5.641666666666667,1.9160738317379804
5.65,1.9186281332052437
5.658333333333333,1.9210962918091146
5.666666666666667,1.8985460386691764
5.675,1.9038272092639357
5.683333333333333,1.9211790404244558
5.691666666666667,1.923183154345001
5.7,1.926763947502458
5.708333333333332,1.930067133947155
5.716666666666667,1.9415062761510464
5.7250000000000005,1.946666516263477
5.733333333333333,1.9507016784113433
5.741666666666665,1.9545887824539514
5.75,1.9571756785466623
5.758333333333334,1.9596852319806364
5.766666666666667,1.962974823091516
5.775,1.964808755354498
5.783333333333333,1.9665125428047248
5.791666666666667,1.9696145712140545
5.8,1.9734446912567316
5.808333333333334,1.9745681221284506
5.816666666666667,1.9771769832227888
5.824999999999999,1.9753719118253064
5.833333333333333,1.9792160844177822
5.841666666666667,1.9793056605008286
5.85,1.974505370418491
5.8583333333333325,1.9807774633045434
5.866666666666666,1.9865627337546545
5.874999999999999,1.9853936347997687
5.883333333333334,1.956072547817054
5.891666666666667,1.9594100648860946
5.9,1.9396360790838236
5.908333333333334,1.941584461537008
5.916666666666667,1.946274685685382
5.925000000000001,1.948511111114301
5.933333333333334,1.9529798938663476
5.941666666666667,1.9548456763342348
5.95,1.9580413512613044
5.958333333333334,1.9605144910380068
5.966666666666667,1.9639983841592525
5.975,1.9654367547805631
5.9833333333333325,1.9659171620028788
5.991666666666667,1.976980597096201
6.000000000000002,1.9789213678802036
6.008333333333334,1.981864064912042
6.016666666666666,1.9848356567195906
6.025,1.9883398794391292
6.033333333333334,2.016423055591431
6.041666666666667,2.0188267733728353
6.05,2.0212582044657004
6.0583333333333345,2.024294664686308
6.066666666666666,2.0267388543323954
6.075,2.029329568978349
6.083333333333334,2.0327583088275887
6.091666666666666,2.033048558261106
6.099999999999999,2.0342786087579614
6.108333333333334,2.0367128473815224
6.116666666666666,2.0394187868867113
6.125,2.039984595450903
6.133333333333333,2.0429364879497522
6.1416666666666675,2.045392757436906
6.1499999999999995,2.0473459289473754
6.158333333333332,2.0500325863614015
6.166666666666667,2.0518141762450814
6.174999999999999,2.054267683216537
6.1833333333333345,2.0555506310511666
6.191666666666666,2.0852508224735
6.2,2.087148925185627
6.208333333333334,2.090354946149506
6.216666666666667,2.093345780334593
6.224999999999999,2.094382362966642
6.233333333333333,2.093381818535112
6.241666666666666,2.0952519473316404
6.249999999999999,2.096648045099562
6.258333333333335,2.10043058588457
6.266666666666666,2.1038825706169324
6.275,2.131371755734261
6.283333333333332,2.1338804630053785
6.291666666666667,2.1356090473594085
6.300000000000001,2.136245362336103
6.3083333333333345,2.1380258198303537
6.3166666666666655,2.1386872797288783
6.324999999999999,2.1408830653256725
6.333333333333333,2.12755524110456
6.341666666666667,2.133879064973371
6.3500000000000005,2.1620701004300633
6.358333333333333,2.1546237931765027
6.366666666666666,2.17209508698107
6.374999999999999,2.199772909509544
6.383333333333335,2.2042904254768056
6.391666666666667,2.2056796584381506
6.400000000000001,2.21244104951743
6.408333333333332,2.2222267112777394
6.416666666666668,2.2291670845440903
6.425,2.227909365768193
6.433333333333334,2.2338064816147134
6.441666666666666,2.2382724583314184
6.45,2.2502897108603177
6.458333333333333,2.172266912184048
6.466666666666666,2.279042956794259
6.475000000000001,2.2036700273054377
6.483333333333333,2.203849682737438
6.491666666666665,2.2061957772009038
6.5,2.224253822238373
6.508333333333334,2.2194817533631963
6.516666666666667,2.2138340598446504
6.5249999999999995,2.22205316240825
6.533333333333333,2.2233985793288777
6.541666666666668,2.25812954520894
6.550000000000001,2.2562059670972148
6.558333333333334,2.2443055329381396
6.566666666666666,2.2459055282588083
6.574999999999999,2.2491346420993574
6.583333333333332,2.252839355055941
6.591666666666668,2.2561537119299064
6.6000000000000005,2.2627528233629164
6.608333333333334,2.2510137223466598
6.616666666666666,2.276373337843191
6.625000000000001,2.215558404739934
6.633333333333334,2.219838227766191
6.6416666666666675,2.2856789812284934
6.65,2.2698797654149683
6.658333333333331,2.269107951881424
6.666666666666666,2.2646110119847545
6.675,2.2683014815895026
6.683333333333334,2.259755131965864
6.691666666666666,2.2695202861234165
6.700000000000001,2.2691507102550084
6.708333333333333,2.2678024666193064
6.716666666666666,2.320878827191156
6.7250000000000005,2.3243540125995645
6.733333333333333,2.327759293582053
6.741666666666666,2.3299054249424067
6.749999999999999,2.33228416420012
6.758333333333334,2.335642079024576
6.766666666666667,2.339578937219066
6.775,2.341762858578873
6.783333333333334,2.3467191241912855
6.791666666666666,2.3511872756495946
6.800000000000001,2.3535312612085946
6.808333333333334,2.3594027096274734
6.816666666666666,2.3611138069228463
6.825000000000001,2.3636579480599726
6.833333333333334,2.3712697533067417
6.841666666666667,2.3764484535905694
6.849999999999999,2.3954395026856097
6.8583333333333325,2.400893315478978
6.866666666666667,2.4087961266982436
6.875000000000001,2.4384642065333573
6.883333333333335,2.443567563288016
6.891666666666667,2.4465586561116224
6.900000000000001,2.476411587626568
6.908333333333333,2.482337301313409
6.916666666666666,2.484005125421302
6.925000000000001,2.491610217871701
6.933333333333333,2.4910121998345147
6.941666666666666,2.5020542665497376
6.95,2.5024016803938536
6.958333333333332,2.51130969247185
6.966666666666668,2.5167929086956553
6.975,2.514085623171382
6.983333333333333,2.523562477677791
6.9916666666666645,2.515595003642933
7.000000000000001,2.5186604764751004
7.008333333333334,2.2810785404488008
7.016666666666667,2.5265911553962566
7.025,2.5174336849968566
7.033333333333333,2.5204858472592138
7.041666666666667,2.291401390371957
7.050000000000001,2.520256024509854
7.0583333333333345,2.3343910031869823
7.066666666666666,2.3419135538233777
7.075000000000001,2.3414013664855546
7.083333333333332,2.3351214873628217
7.091666666666666,2.279168024177596
7.1000000000000005,2.335172852387779
7.108333333333334,2.3292725888774988
7.1166666666666645,2.3277623431553227
7.124999999999999,2.321166381955265
7.133333333333333,2.326324762091781
7.1416666666666675,2.3351983477314686
7.1499999999999995,2.3336310516878656
7.158333333333332,2.3342362554900933
7.166666666666667,2.3497468952733076
7.175,2.315612912126107
7.183333333333334,2.3186239202200563
7.191666666666666,2.319418190721376
7.199999999999999,2.3190334730482043
7.208333333333334,2.321274640695561
7.216666666666667,2.321221572144393
7.224999999999999,2.324523929487095
7.2333333333333325,2.3550762293529273
7.241666666666667,2.356465876264355
7.250000000000001,2.3586863377089036
7.258333333333334,2.359220798530961
7.266666666666666,2.360932858117668
7.2749999999999995,2.357896432985844
7.283333333333332,2.366580682267345
7.291666666666668,2.3652900326044133
7.3,2.3617658926957636
7.308333333333334,2.3775062617299785
7.316666666666666,2.3647542346820245
7.325,2.379291163278591
7.333333333333334,2.3844861814102956
7.341666666666668,2.3933563906353887
7.349999999999999,2.4228553315520744
7.3583333333333325,2.424720370440478
7.366666666666666,2.427531433753725
7.375000000000001,2.3927179358425956
7.3833333333333355,2.456747907057019
7.391666666666666,2.394250003938079
7.4,2.394044755660136
7.408333333333334,2.436773921576202
7.416666666666667,2.4468623546013855
7.425,2.39836689485957
7.433333333333333,2.4024232167583275
7.441666666666666,2.4032099529568165
7.45,2.411471248518002
7.458333333333334,2.4049376676144423
7.466666666666668,2.4057622994142895
7.474999999999999,2.4041687443615234
7.483333333333334,2.406376451473393
7.4916666666666645,2.4419471158037163
7.500000000000001,2.4433821955932684
7.508333333333333,2.4440751116726593
7.5166666666666675,2.442393447073975
7.524999999999999,2.442423187529158
7.533333333333332,2.441900792378178
7.541666666666667,2.445026213514722
7.549999999999999,2.4482175729462927
7.558333333333333,2.450565960008472
7.566666666666666,2.4566277354396187
7.575,2.4566944411563902
7.583333333333333,2.459685411789849
7.591666666666667,2.4575156873962936
7.599999999999999,2.507832099978816
7.608333333333334,2.507595266061939
7.616666666666665,2.419988305809619
7.624999999999999,2.5125038046996644
7.633333333333334,2.4901563962699154
7.641666666666666,2.4983349118711273
7.65,2.4968678091279224
7.658333333333332,2.502297051473325
7.666666666666666,2.503785212469926
7.675000000000001,2.506594901348175
7.683333333333333,2.484298368569177
7.6916666666666655,2.488678325290905
7.700000000000001,2.491342828731469
7.708333333333332,2.4866960602964783
7.716666666666667,2.316959920236655
7.7250000000000005,2.3155372118038984
7.733333333333333,2.325332463141194
7.741666666666665,2.3136708252374234
7.75,2.324055877737079
7.7583333333333355,2.316364219307664
7.7666666666666675,2.3385236944963177
7.775000000000001,2.337399551648154
7.783333333333332,2.3386715906632105
7.791666666666666,2.3389616185011355
7.8,2.3370194599635195
7.808333333333334,2.336790926083049
7.816666666666667,2.339478881343571
7.824999999999999,2.3412995118418913
7.833333333333334,2.345161493058646
7.841666666666666,2.343672584347583
7.849999999999998,2.3476861059169694
7.858333333333333,2.3505060884643445
7.866666666666668,2.355697274121206
7.874999999999999,2.3597224506311387
7.883333333333333,2.366917265121929
7.891666666666666,2.3704551655238433
7.9,2.374602955036869
7.908333333333333,2.3808763797265065
7.916666666666667,2.3862280274154677
7.924999999999999,2.3908748327396117
7.933333333333333,2.3982116519236016
7.9416666666666655,2.3987760857240192
7.949999999999999,2.404110483205998
7.958333333333332,2.4091740889935243
7.966666666666666,2.4140757064073846
7.974999999999998,2.4023061912482335
7.983333333333333,2.4020264000037255
7.991666666666666,2.431949205446831
8.0,2.4483618651740153
8.008333333333335,2.4777527002992072
8.016666666666667,2.488755332203101
8.025,2.2433840041151356
8.033333333333331,2.246674065067188
8.041666666666666,2.249101198753893
8.05,2.24959768786933
8.058333333333332,2.255105521440752
8.066666666666666,2.2577182899615322
8.075,2.260870730264293
8.083333333333334,2.262606532103546
8.091666666666667,2.264063887946786
8.1,2.265644114710035
8.108333333333333,2.2687874894733975
8.116666666666667,2.2716254549524053
8.125000000000002,2.274445086969819
8.133333333333333,2.2800429551162336
8.141666666666667,2.286652102564485
8.15,2.295748219890783
8.158333333333333,2.2516359221110025
8.166666666666666,2.2568242743608775
8.174999999999999,2.2591764374462464
8.183333333333335,2.2625690215520766
8.191666666666666,2.2666110865102174
8.2,2.271102225251976
8.208333333333332,2.2779479152764583
8.216666666666667,2.3166510550299417
8.225000000000001,2.3174489968731944
8.23333333333333,2.319572857472425
8.241666666666667,2.3242792748708396
8.25,2.3243132495910324
8.258333333333333,2.327563204141525
8.266666666666667,2.3276638678609394
8.275,2.334699730311097
8.283333333333333,2.339377168382761
8.291666666666666,2.341563707285619
8.299999999999999,2.339686125132341
8.308333333333334,2.341586949975871
8.316666666666665,2.3398732451243855
8.325,2.3413079384501527
8.333333333333334,2.3422274541282695
8.341666666666667,2.3494297798517945
8.35,2.3372831841742108
8.358333333333333,2.347415664635795
8.366666666666667,2.3411587805449456
8.375,2.361918087892779
8.383333333333335,2.3603925943724606
8.391666666666667,2.261943032605037
8.4,2.352605867757012
8.408333333333333,2.360341687610339
8.416666666666666,2.3544870645202622
8.425,2.3564564746206176
8.433333333333334,2.3519675405515184
8.441666666666666,2.3427482518489193
8.45,2.2541375703936692
8.458333333333334,2.2581312334697663
8.466666666666667,2.32772724519949
8.475,2.3622726084040613
8.483333333333333,2.365756223598058
8.491666666666665,2.362880432843721
8.5,2.3690575485247165
8.508333333333333,2.381718583686512
8.516666666666667,2.3753958678061338
8.525,2.304771312489296
8.533333333333331,2.305262086861457
8.541666666666666,2.30862407373176
8.550000000000002,2.313281762920964
8.558333333333334,2.316548363219503
8.566666666666666,2.3228094278537426
8.575,2.333792006868819
8.583333333333334,2.341929779446822
8.591666666666665,2.340982825728219
8.6,2.3423913772362877
8.608333333333334,2.3504094241952966
8.616666666666669,2.350649837452074
8.624999999999998,2.349997702139964
8.633333333333333,2.3568764729856526
8.641666666666667,2.3557241615331233
8.650000000000002,2.2614454474112944
8.658333333333333,2.2748835781926684
8.666666666666666,2.2829082633828714
8.674999999999999,2.2887060115217635
8.683333333333334,2.297108467843152
8.691666666666668,2.2992927519433906
8.700000000000001,2.303369264804217
8.708333333333334,2.310168087149603
8.716666666666669,2.3096011901025366
8.725,2.3111195083467297
8.733333333333333,2.3181500656523926
8.741666666666665,2.3228452372428663
8.750000000000002,2.3313746222621763
8.758333333333335,2.3395493401297673
8.76666666666667,2.3452383134135717
8.775,2.3471571922530003
8.783333333333335,2.3522938323957767
8.791666666666668,2.356398794787611
8.8,2.3560614668473328
8.808333333333335,2.356682507227799
8.816666666666668,2.3693138140302734
8.825,2.373714503811104
8.833333333333334,2.379071576688472
8.841666666666667,2.388695358282095
8.849999999999998,2.393375294934371
8.858333333333333,2.3997895424395614
8.866666666666667,2.405099565360429
8.875,2.411276788759952
8.883333333333333,2.422137752042688
8.891666666666666,2.429978015614276
8.9,2.4284241614917974
8.908333333333333,2.4257349708666207
8.916666666666664,2.4241212579257065
8.925,2.4223135281277726
8.933333333333334,2.427415830297391
8.941666666666665,2.427556134772843
8.95,2.440172994701592
8.958333333333334,2.444821567898621
8.966666666666667,2.4455890750950373
8.974999999999998,2.4440691111453647
8.983333333333333,2.443354801867083
8.991666666666667,2.439925931140138
9.0,2.441878743320513
9.008333333333331,2.4438816398837186
9.016666666666667,2.445910416814349
9.025,2.450873491192274
9.033333333333333,2.45182203356463
9.041666666666666,2.4523121968823074
9.05,2.457910969433318
9.058333333333334,2.4612785023039483
9.066666666666668,2.460603239959931
9.075,2.467774439236744
9.083333333333334,2.4691703462590056
9.091666666666669,2.476159337370189
9.1,2.4860831238253662
9.108333333333333,2.4930693090887903
9.116666666666667,2.4941030448124333
9.125,2.5028121197674107
9.133333333333333,2.5119516094736465
9.141666666666667,2.521560459290651
9.15,2.5278248815009117
9.158333333333331,2.531710502212886
9.166666666666666,2.535505200480506
9.175,2.539049626970565
9.183333333333335,2.5422463895173726
9.191666666666666,2.54160553311273
9.2,2.5477651848511265
9.208333333333336,2.557192939712695
9.216666666666667,2.563566481807595
9.225,2.566140551298992
9.233333333333333,2.5712224229671334
9.241666666666667,2.571004141196512
9.25,2.6000550201454824
9.258333333333333,2.5981815252445233
9.26666666666667,2.591527011119816
9.275,2.6079787565123134
9.283333333333331,2.608192966154092
9.291666666666666,2.611050825391159
9.3,2.734332518307845
9.308333333333335,2.732757803486815
9.316666666666666,2.736168805503597
9.325,2.7333562784775105
9.333333333333334,2.7324802828548775
9.341666666666665,2.735113155121372
9.35,2.733925447507057
9.358333333333334,2.735232354904949
9.366666666666667,2.740963685605446
9.375,2.7391581785328443
9.383333333333333,2.746267446759445
9.391666666666667,2.7534862806011473
9.400000000000002,2.7598995634169343
9.408333333333333,2.7600545474135694
9.416666666666666,2.767742370642845
9.425,2.7764292041071283
9.433333333333334,2.784531590347009
9.441666666666666,2.7915630341052045
9.45,2.799735672678821
9.458333333333334,2.8072268658496426
9.466666666666667,2.8116323655545803
9.475000000000001,2.8277779438553448
9.483333333333333,2.804672058827336
9.491666666666667,2.8008123983068733
9.5,2.802926565875415
9.508333333333333,2.9726328774731345
9.516666666666667,2.97723725538132
9.525,2.9789581760768518
9.533333333333333,2.984976156423956
9.541666666666666,2.990193176309068
9.55,2.993566456604819
9.558333333333332,2.99335096466422
9.566666666666665,2.993698048284214
9.575,2.996414683009367
9.583333333333334,2.9978607777181963
9.591666666666667,3.001588483974623
9.600000000000001,3.002967532831084
9.608333333333333,3.002717932116436
9.616666666666667,3.0054876115724087
9.625,3.0186140486487663
9.633333333333333,3.054875091009631
9.64166666666667,3.0592021854099056
9.65,3.061858456784433
9.658333333333335,3.0628174647437265
9.666666666666664,3.065455029201879
9.675,3.0665981292517506
9.683333333333334,3.0718952798039845
9.691666666666666,3.07276261306621
9.699999999999998,3.0753958287723324
9.708333333333334,3.0739697818536404
9.716666666666669,3.0756012949873135
9.724999999999998,3.0746119884111707
9.733333333333334,3.074436247875524
9.741666666666667,3.073538448639568
9.749999999999998,3.0714462054093574
9.758333333333335,3.0695820755008265
9.76666666666667,3.0642857830099044
9.775000000000002,3.0705651845509645
9.783333333333331,3.070079538286065
9.791666666666666,3.0743438157296032
9.800000000000002,3.069049422379793
9.808333333333334,3.054791136325939
9.816666666666666,3.061220244689145
9.825,3.0691934452485863
9.833333333333336,3.070812978847403
9.841666666666667,3.076838201408865
9.85,3.2999739383326467
9.858333333333334,3.297890643881647
9.866666666666667,3.299516819131967
9.875,3.2990216602392604
9.883333333333333,3.3044996770535566
9.89166666666667,3.305687145863944
9.9,3.3064257005392417
9.908333333333335,3.307603023897198
9.916666666666666,3.310786428349344
9.925,3.316236117836693
9.933333333333334,3.3293657017465326
9.941666666666666,3.32848526633463
9.950000000000001,3.328537234965653
9.958333333333334,3.3341251146788697
9.966666666666669,3.3348988689633616
9.975,3.346843286209749
9.98333333333333,3.3471539463305136
9.991666666666667,3.358332655681813
10.0,3.3460216287729865
10.008333333333333,3.354835687276386
10.016666666666667,3.354780062920895
10.025,3.361804218907417
10.033333333333333,3.3604557746992048
10.041666666666666,3.357698468161944
10.05,3.3642361799909604
10.058333333333332,3.3502576901379904
10.066666666666666,3.347851056044461
10.075000000000001,3.349770179389847
10.083333333333334,3.352330248955562
10.091666666666669,3.4249331672289647
10.1,3.3762786827891462
10.108333333333333,3.4027872504188332
10.116666666666669,3.395939520535543
10.125,3.439307636554844
10.133333333333333,3.4662590397369257
10.141666666666667,3.4389922414857805
10.15,3.4452202929067246
10.158333333333333,3.4220359730179313
10.166666666666666,3.500274734767692
10.175,3.548404596795587
10.183333333333335,2.6053053751756745
10.191666666666666,3.556020831893013
10.199999999999998,3.5586348731694013
10.208333333333334,2.8598468856716064
10.216666666666665,2.867256924963086
10.224999999999998,2.872423113383966
10.23333333333333,2.8780931424092566
10.241666666666667,2.8826812639063983
10.25,2.890277399135971
10.258333333333333,2.897922684123063
10.26666666666667,2.901465237970868
10.275000000000002,2.9061935847536033
10.283333333333333,2.91884796408885
10.291666666666666,2.9304114501790215
10.3,2.932939425424272
10.308333333333335,2.935486141943261
10.316666666666666,2.942850244115471
10.324999999999998,3.170508374651041
10.333333333333334,3.1766087139146624
10.341666666666667,3.1890816880996216
10.349999999999998,3.1971943631914757
10.358333333333333,3.208788295877802
10.366666666666669,3.209947655071378
10.374999999999998,3.2076945406449435
10.383333333333333,3.2149925007324973
10.391666666666667,3.2188128969707996
10.400000000000002,3.224456906594944
10.408333333333333,3.2248037060083097
10.416666666666666,3.2226944331382064
10.425000000000002,3.2148126029290265
10.433333333333335,3.2172652422308374
10.441666666666666,3.2198434494460235
10.449999999999998,3.2145964922343135
10.458333333333334,3.208135204939937
10.466666666666667,3.210793882349283
10.475,3.217467875520394
10.483333333333334,3.211338510444027
10.491666666666665,3.178969610924655
10.5,3.170081519002451
10.508333333333333,3.1733924860383635
10.516666666666667,3.097492925611772
10.525000000000002,3.098679634085493
10.533333333333333,3.5082889188024198
10.541666666666666,3.5130145509447375
10.549999999999999,3.5171712004280464
10.558333333333334,3.5209818591484883
10.566666666666666,3.525307488687748
10.574999999999998,3.5270930590601584
10.583333333333334,3.531380800539025
10.591666666666667,3.535401184150467
10.6,3.541281533714138
10.608333333333333,3.5466954050899138
10.616666666666667,3.551020919548419
10.625,3.5532131708329295
10.633333333333333,3.55702981817756
10.641666666666666,3.5609230482729184
10.65,3.5646234176691167
10.658333333333333,3.5696636516613753
10.666666666666668,3.574987429286063
10.675,3.58006563174283
10.683333333333334,3.5834632833640594
10.691666666666666,3.5883725268264612
10.7,3.5943209355967336
10.708333333333336,3.5978147714405537
10.716666666666667,3.6045163705535215
10.725,3.6066629976211817
10.733333333333334,3.614585993931207
10.741666666666665,3.6232066208480105
10.75,3.6297498033001583
10.758333333333333,3.6397901229016925
10.766666666666667,3.6472822730074035
10.775,3.656304088822673
10.783333333333333,3.6640185712550974
10.791666666666666,3.6720990085528684
10.8,3.6755237201348137
10.808333333333332,3.6807139093976375
10.816666666666666,3.6822299872085207
10.825000000000001,3.6847691386448136
10.833333333333332,3.688367082082215
10.841666666666667,3.6934624300039
10.85,3.6974852461240917
10.858333333333333,3.703192396275735
10.866666666666664,3.706438833389103
10.875,3.7125929347825535
10.883333333333333,3.717871366439765
10.89166666666667,3.7222570499067653
10.9,3.7256930977458005
10.908333333333333,3.7309175519856312
10.916666666666664,3.735110865140706
10.925000000000002,3.7391983945539944
10.933333333333332,3.7446798385695215
10.941666666666665,3.7477781068036413
10.95,3.750002988908669
10.958333333333336,3.753251137026076
10.966666666666667,3.754256050250622
10.975,3.7544876503561344
10.983333333333333,3.7557825512220537
10.991666666666665,3.755878990558856
11.0,3.7599609993856142
11.008333333333331,3.760786129303998
11.016666666666666,3.7666539641165535
11.025,3.7707189358907054
11.033333333333331,3.7760421583899455
11.041666666666668,3.785280247781529
11.05,3.7936045357404073
11.058333333333334,3.79857223139338
11.066666666666666,3.7992375954484374
11.075,3.8026338322590743
11.083333333333334,3.808487627141236
11.091666666666665,3.815842473004253
11.1,3.81803983579998
11.108333333333333,3.822673028583598
11.116666666666669,3.8299331885165326
11.125,3.8382760455370084
11.133333333333333,3.837980391831113
11.141666666666667,3.8428209842736
11.15,3.8496354650915316
11.158333333333331,3.8541394460290728
11.166666666666666,3.865811641876014
11.175,3.8721506614158163
11.183333333333334,3.878853205098604
11.191666666666668,3.889453389782514
11.199999999999998,3.9006178037601322
11.208333333333334,3.905897287361749
11.216666666666669,3.913314754196932
11.225,3.9156199262239935
11.233333333333333,3.9190844344280764
11.241666666666665,3.914769417987259
11.249999999999998,3.9086844866035775
11.258333333333335,3.9026114451650455
11.26666666666667,3.898096526263406
11.275,3.9043690777024493
11.283333333333333,3.9114464162365294
11.291666666666666,3.9280647556081147
11.299999999999999,3.9517463105068305
11.308333333333332,3.968036704718594
11.316666666666666,3.9824872056111076
11.325,3.9830670765893923
11.333333333333334,3.973138594313039
11.341666666666665,3.9636397400054664
11.35,3.947527245491994
11.358333333333333,3.9393121079775617
11.366666666666667,3.9462522478334243
11.375,3.941790309610662
11.383333333333331,3.956021616270213
11.391666666666667,3.983315828424718
11.400000000000002,4.024389145283949
11.408333333333333,4.444117959669609
11.416666666666666,4.512158164730939
11.425,4.572477053828369
11.433333333333334,4.574319779780772
11.441666666666666,4.584318257208748
11.449999999999998,4.59195247653719
11.458333333333334,4.611086331750521
11.466666666666667,4.629743802535056
11.475,4.629101998262917
11.483333333333333,4.675069061318385
11.491666666666667,4.749865204035815
11.499999999999998,4.781540588273065
11.508333333333335,4.795090121635297
11.516666666666666,4.814690797826411
11.525,4.830740327704934
11.533333333333333,4.8461249413011895
11.541666666666666,4.8716015299876245
11.55,4.898646697161618
11.558333333333334,4.92481512719119
11.566666666666666,4.958975475890246
11.575,4.994638528819243
11.583333333333334,5.024583987498447
11.591666666666667,5.05934690614567
11.600000000000001,5.089666525718447
11.608333333333333,5.123830000190948
11.616666666666667,5.1511348362523215
11.625,5.169334337760291
11.633333333333333,5.189017918104627
11.641666666666666,5.215819078067949
11.649999999999999,5.227864901323275
11.658333333333333,5.249791819536437
11.666666666666664,5.242463760169548
11.675,5.229474726046482
11.683333333333332,5.23645875589896
11.691666666666666,5.266482044886776
11.700000000000001,4.510669983546652
11.708333333333334,4.528726891707851
11.716666666666665,4.546326470386799
11.724999999999998,4.561381570361547
11.733333333333333,4.5851797220793165
11.741666666666669,4.59738788673849
11.75,4.616066131062699
11.758333333333333,4.6256681430358695
11.766666666666667,4.645978288163638
11.775,4.6573333083865345
11.783333333333335,4.667231585318171
11.791666666666664,4.683521801663506
11.800000000000002,4.69923931324578
11.808333333333332,4.709743254786972
11.816666666666666,4.73242679214982
11.825000000000001,4.7445087832179045
11.833333333333336,4.75654285086772
11.841666666666667,4.766530329703106
11.849999999999998,4.7744219730495425
11.858333333333333,4.782872148633251
11.866666666666665,4.787815491134026
11.875,4.80506863353365
11.883333333333333,4.80668470688465
11.891666666666667,4.830790015741907
11.900000000000002,4.833838344575339
11.908333333333333,4.8468955923676065
11.916666666666666,4.867695104143998
11.925,4.873416929388521
11.933333333333334,4.882054853798569
11.941666666666665,4.897547669324476
11.949999999999998,4.907847241102107
11.958333333333332,4.927540309624688
11.966666666666667,4.938994858257172
11.975000000000001,4.956802692146465
11.983333333333333,4.9728788919853075
11.991666666666667,4.986145276739342
12.0,5.007326190646026
12.008333333333335,5.0082318936051875
12.016666666666667,5.024286414411194
12.025,5.045047423101878
12.033333333333335,5.04902039585446
12.041666666666666,5.0828290434570516
12.05,5.091797833275058
12.058333333333334,5.11596517614742
12.066666666666666,5.139745805772773
12.074999999999998,5.153861655756206
12.083333333333332,5.183607432549926
12.091666666666667,5.20944171820962
12.1,5.230605440668838
12.10833333333333,5.2591710212001095
12.116666666666669,5.308178144001458
12.125,5.33690078319159
12.133333333333333,5.388560834546086
12.14166666666667,5.4391064965254605
12.15,5.483018261896602
12.158333333333333,5.5380622654200256
12.166666666666664,5.570096142919964
12.175000000000002,5.606639188631011
12.183333333333335,5.634801232049433
12.191666666666666,5.653313391285501
12.200000000000001,5.6825472969357484
12.208333333333334,5.710423972597254
12.216666666666665,5.728011853067582
12.225,5.765183466413627
12.233333333333333,5.778922136574627
12.241666666666667,5.830558958886506
12.25,5.836396610184687
12.258333333333333,5.856078002263238
12.266666666666666,5.930135191094332
12.275000000000002,5.9005122191633985
12.283333333333333,5.927701831021501
12.291666666666666,5.951641144660638
12.3,5.980970798029056
12.308333333333334,6.010336461330581
12.316666666666665,6.025030152193389
12.325,6.0686203265809056
12.333333333333336,6.086094841055214
12.341666666666667,6.12089554050431
12.35,6.1342086822680635
12.358333333333333,6.115629340657796
12.366666666666669,6.075517106970535
12.375,6.0627270773266435
12.383333333333335,5.916164899063659
12.391666666666667,5.910376176621468
12.4,5.9259752519961255
12.408333333333333,5.628839578416344
12.416666666666666,5.951605234273392
12.424999999999999,5.790146302175277
12.433333333333334,2.474270835023619
12.441666666666666,2.4771351108826587
12.449999999999998,2.481269732319199
12.458333333333332,2.48348587996514
12.466666666666667,2.485397828759408
12.475,2.4879277278739496
12.483333333333334,2.4900900126325434
12.491666666666669,2.4916687364352215
12.5,2.4939555407190785
12.508333333333333,2.495570277773439
12.516666666666667,2.4979762785454365
12.525,2.499923426441147
12.533333333333335,2.5017312067237882
12.541666666666666,2.5043502070263437
12.55,2.507438434755102
12.558333333333334,2.5097169089149016
12.566666666666666,2.511241100979739
12.574999999999996,2.5130840617500385
12.583333333333336,2.5144453769835193
12.591666666666669,2.5172746462561917
12.600000000000001,2.52046706233562
12.608333333333333,2.522483637588795
12.616666666666669,2.525732721506362
12.625,2.528373765299778
12.633333333333335,2.5308127049947435
12.641666666666667,2.5336686389104583
12.650000000000002,2.536089053983717
12.658333333333335,2.538147798357731
12.666666666666668,2.5411351463993452
12.675000000000002,2.5435251120425804
12.683333333333334,2.547249666148005
12.691666666666668,2.551105446103464
12.700000000000001,2.554250586734567
12.708333333333334,2.55740491952884
12.716666666666665,2.560753384394044
12.725,2.563757711459181
12.733333333333333,2.5671076283801986
12.741666666666665,2.569380701212998
12.750000000000004,2.571125996423251
12.758333333333333,2.5731907563936103
12.766666666666667,2.5758446171775082
12.775000000000002,2.5774351100799335
12.783333333333333,2.579085786527911
12.791666666666666,2.5807764399068587
12.799999999999999,2.5834482056788417
12.808333333333335,2.585627926369345
12.816666666666666,2.5873175932690398
12.825000000000001,2.5878138458769437
12.833333333333334,2.589596481978308
12.841666666666665,2.5924778278588074
12.85,2.5933212739573235
12.858333333333334,2.5955611895139192
12.866666666666667,2.596963811965107
12.875,2.5991109633840503
12.883333333333333,2.6011853692184794
12.891666666666667,2.603446632986986
12.9,2.605280220317748
12.908333333333333,2.607491767892601
12.916666666666666,2.6097503546111196
12.924999999999999,2.6119984230082354
12.933333333333335,2.613955332006269
12.941666666666666,2.6153168428212745
12.95,2.6158510614109702
12.958333333333334,2.6179361486787056
12.966666666666667,2.6192002823951777
12.975000000000001,2.621841514518763
12.98333333333333,2.623319667375368
12.991666666666669,2.6258086162725576
13.0,2.6286648805535244
13.008333333333333,2.630989870999461
13.016666666666667,2.6333326717805305
13.025,2.6359585003363346
13.033333333333333,2.638821473136137
13.041666666666664,2.6415921991305975
13.05,2.643822172243896
13.058333333333332,2.6464194130829
13.066666666666666,2.64806519857177
13.075000000000001,2.650125069187504
13.083333333333332,2.653010416797346
13.091666666666667,2.6538465823809703
13.1,2.6587579012585287
13.108333333333333,2.661558201620543
13.116666666666669,2.6613805321959734
13.125000000000004,2.6640262650434825
13.133333333333333,2.666168830821936
13.141666666666667,2.6684524580266746
13.150000000000002,2.6699772220321174
13.158333333333335,2.671952729390454
13.166666666666668,2.6735298366801126
13.174999999999999,2.6748868746567065
13.183333333333332,2.677033317590783
13.191666666666666,2.6784231554225166
13.2,2.679989356242126
13.208333333333336,2.681743546718518
13.216666666666667,2.6845506609002316
13.225,2.686274539986466
13.233333333333333,2.6883939931621574
13.241666666666667,2.690406362482735
13.25,2.6926556329632234
13.258333333333331,2.6947126803526356
13.266666666666666,2.6978027235629902
13.275,2.700290070570509
13.283333333333331,2.7044013448093702
13.291666666666666,2.706695209607946
13.300000000000002,2.708788734596799
13.308333333333334,2.7110671576836
13.316666666666666,2.7124698545235892
13.324999999999998,2.7142392095103482
13.333333333333336,2.7159554325160364
13.341666666666667,2.717226456402619
13.35,2.7182295892994257
13.358333333333333,2.7214252820834175
13.366666666666667,2.724819485114182
13.375,2.7286406977317905
13.383333333333333,2.7335110603760846
13.391666666666664,2.738299529400667
13.400000000000002,2.7432129915271264
13.408333333333335,2.7458754954767866
13.416666666666666,2.748791133679333
13.424999999999999,2.7517188356434783
13.433333333333332,2.7551731928773298
13.441666666666666,2.758367276417387
13.449999999999998,2.76161994782465
13.458333333333332,2.7661998525123903
13.466666666666667,2.771549295020748
13.475,2.7766565720119907
13.483333333333333,2.7804587144855875
13.491666666666665,2.784364670607451
13.5,2.7893078749920415
13.508333333333335,2.793028075727902
13.516666666666666,2.796068444120825
13.525000000000002,2.799781073579703
13.533333333333333,2.8027009994347853
13.541666666666668,2.80603343183136
13.55,2.8107967803600853
13.558333333333335,2.8145216848566315
13.566666666666665,2.818554922992663
13.575,2.822940439282589
13.583333333333332,2.8273998016898845
13.591666666666667,2.8327771754720983
13.6,2.8388144389319225
13.608333333333333,2.844634493445838
13.616666666666667,2.8494082590553815
13.625000000000002,2.8536288428067222
13.633333333333335,2.8588530379326094
13.64166666666667,2.864665027690404
13.650000000000002,2.870657410370909
13.658333333333333,2.8753012260113677
13.666666666666664,2.8817436546067277
13.675,2.8877525858991997
13.683333333333335,2.893950605875347
13.691666666666668,2.900633498645179
13.7,2.906406733874383
13.708333333333332,2.91208880836065
13.716666666666667,2.9184118674689508
13.724999999999998,2.924593339308618
13.73333333333333,2.9304111517599187
13.741666666666667,2.9369039580484335
13.75,2.944290651386071
13.758333333333333,2.9499093265328584
13.76666666666667,2.954737513245082
13.775,2.9592590891618737
13.783333333333335,2.964365942803088
13.791666666666666,2.9703533927894155
13.799999999999999,2.975104207619236
13.808333333333332,2.980183062164242
13.816666666666665,2.984264322261916
13.825,2.9879198933292908
13.833333333333334,2.9908052512466834
13.841666666666669,2.993814793538306
13.850000000000001,2.99775316885571
13.858333333333333,3.0013911230668633
13.866666666666667,3.004316075875882
13.875,3.0063289316180857
13.883333333333331,3.008370238944072
13.89166666666667,3.0102087631836185
13.900000000000002,3.010665556343754
13.908333333333331,3.0106661019484164
13.916666666666666,3.010677018061521
13.925,3.0101193506213355
13.933333333333334,3.0077149562658456
13.941666666666665,3.006398634373318
13.949999999999998,3.004609997873795
13.958333333333334,3.0034423665472088
13.966666666666669,3.000453587430918
13.974999999999998,2.9972361554906555
13.983333333333333,2.992748849646081
13.991666666666667,2.9861663951395827
14.0,2.978355649250963
14.008333333333336,2.971282376504446
14.016666666666667,2.964866781966022
14.025,2.957822390735035
14.033333333333333,2.9509939908521465
14.041666666666666,2.9440168047303925
14.050000000000002,2.93790621512005
14.058333333333332,2.9315881159155697
14.066666666666666,2.9276865959344147
14.075000000000001,2.9243242982374333
14.083333333333332,2.9200836043466936
14.091666666666667,2.9165167079059273
14.1,2.914406898275238
14.10833333333333,2.911411640112311
14.116666666666667,2.9071799071145876
14.125,2.9035657458437627
14.133333333333333,2.9004577087445855
14.141666666666666,2.8966701646533286
14.149999999999999,2.892961279059444
14.158333333333331,2.889543116947102
14.166666666666668,2.8869349351675724
14.175,2.883856800575151
14.183333333333334,2.8820198891481636
14.191666666666666,2.879913540267373
14.200000000000003,2.8757496572979444
14.208333333333332,2.8724666118368516
14.216666666666667,2.869046952000045
14.224999999999998,2.8632582698840476
14.233333333333333,2.858612269829877
14.241666666666667,2.8536936963708617
14.249999999999998,2.848620516961704
14.258333333333331,2.8426450653877855
14.266666666666667,2.8372661732227247
14.275,2.8319050564252506
14.283333333333335,2.828115015441867
14.291666666666668,2.823932475442445
14.300000000000002,2.8220758104457886
14.308333333333335,2.8198051047891806
14.316666666666666,2.8163820518781972
14.324999999999998,2.8149316676148075
14.333333333333334,2.8138227387501087
14.341666666666667,2.8125431528619713
14.350000000000001,2.813062298599866
14.358333333333333,2.814636634648435
14.366666666666665,2.8172373222395235
14.375,2.8191871469969843
14.383333333333333,2.819521437102861
14.39166666666667,2.8219386461432516
14.399999999999999,2.824751202853948
14.408333333333331,2.8258238857812485
14.416666666666666,2.8269099449571815
14.425,2.8280606362560765
14.433333333333334,2.8281020004020627
14.441666666666666,2.8274319602678832
14.45,2.8250579979420367
14.458333333333332,2.821672884946593
14.46666666666667,2.817266693608917
14.475000000000001,2.814651843083019
14.483333333333334,2.8120194967170136
14.491666666666667,2.8112671144281904
14.499999999999998,2.809821249083873
14.508333333333331,2.80790735287709
14.516666666666667,2.8074168202715604
14.524999999999999,2.807161295281292
14.533333333333331,2.8064797832260244
14.541666666666668,2.804548489172299
14.55,2.805912388450881
14.558333333333334,2.806452711037665
14.566666666666665,2.8050815757833933
14.574999999999998,2.803120886617656
14.583333333333334,2.801613948147147
14.591666666666663,2.8032464883658696
14.599999999999998,2.80214923405602
14.608333333333333,2.800933044136444
14.616666666666669,2.7995848660507145
14.625000000000002,2.799732616951064
14.633333333333333,2.7998624726044565
14.64166666666667,2.8028621585806888
14.650000000000002,2.8035361670056678
14.658333333333331,2.80449112024428
14.666666666666666,2.808433318258376
14.675000000000002,2.81390755612073
14.683333333333332,2.820345940414502
14.691666666666666,2.8268426335518453
14.7,2.8348257734702558
14.708333333333334,2.842090942498339
14.716666666666667,2.849527675658301
14.725000000000001,2.8570840489707265
14.733333333333333,2.8663192279074687
14.741666666666665,2.874433205507863
14.750000000000002,2.8785275168521003
14.75833333333333,2.886343036340714
14.766666666666667,2.8943955306246933
14.775,2.9013647198683374
14.783333333333331,2.910602458056184
14.791666666666664,2.915175365639559
14.8,2.921861313210208
14.808333333333332,2.9267517348090837
14.816666666666665,2.9310492021310464
14.825,2.940151218155591
14.833333333333336,2.9528684152607596
14.841666666666669,2.9624501767937046
14.849999999999996,2.968761729850901
14.858333333333333,2.978648981980292
14.866666666666669,2.984708585643838
14.875,2.9882781772933393
14.883333333333333,2.9992534049779125
14.89166666666667,3.0042119921066184
14.899999999999999,3.014353038356893
14.908333333333333,3.017055237811127
14.916666666666666,3.0181660546610063
14.925000000000002,3.021018092155545
14.933333333333332,3.022859366835772
14.941666666666666,3.0242256957957823
14.95,3.0272625462885507
14.958333333333332,3.029954288917489
14.966666666666665,3.033424347932152
14.975,3.0404979493852387
14.98333333333333,3.047073438600398
14.991666666666665,3.0523204495353062
15.0,3.056833977487426
15.008333333333331,3.0603463981394863
15.016666666666667,3.0691743439333883
15.025,3.0740752966775933
15.033333333333335,3.079912353376679
15.041666666666668,3.0888933467438275
15.05,3.096628581664274
15.058333333333334,3.1030169406601593
15.066666666666665,3.115589339759484
15.075,3.1231831581699234
15.083333333333334,3.1229018542845433
15.091666666666667,3.1257113187906387
15.099999999999998,3.131051186866466
15.10833333333333,3.135648073880318
15.116666666666667,3.1485510050339096
15.125000000000002,3.1661015029002892
15.133333333333335,3.1761947141238958
15.141666666666667,3.194551816401593
15.15,3.2157337290596257
15.158333333333331,3.2288652617673748
15.166666666666666,3.2531476770199115
15.175000000000002,3.265540785324329
15.183333333333335,3.2762196523144125
15.191666666666666,3.289351895042872
15.2,3.294830887423835
15.208333333333336,3.302867749085007
15.216666666666667,3.3116646984202047
15.225000000000003,3.3163379867199687
15.23333333333333,3.3187374863815116
15.241666666666665,3.325910895266885
15.25,3.3092927031638717
15.258333333333333,3.2853771138879555
15.266666666666667,3.268955815271418
15.275000000000002,3.2689562731976016
15.283333333333333,3.261544823480499
15.291666666666668,3.2280056205057748
15.3,3.208163995312027
15.308333333333332,3.191069166722393
15.316666666666663,3.1407731360903934
15.325,3.1354777822500903
15.333333333333332,3.0629668880698544
15.341666666666665,2.988819172468228
15.349999999999998,2.9014238807638524
15.358333333333333,2.9335240508558407
15.366666666666667,2.9220635457955035
15.375,2.7071525499931464
15.383333333333335,2.6998163233126276
15.39166666666667,2.691566519207697
15.4,2.6842550185100933
15.408333333333335,2.675460424996358
15.416666666666666,2.670093250462487
15.424999999999999,2.66438411301536
15.433333333333334,2.6570050348693095
15.441666666666666,2.650472872714299
15.45,2.6450572957694716
15.458333333333334,2.640234601607004
15.466666666666667,2.6352690522576268
15.475000000000001,2.6287379654104925
15.483333333333333,2.621425979671837
15.491666666666665,2.614238720736034
15.5,2.6075308305907208
15.508333333333335,2.6015461186174766
15.516666666666666,2.592851725007788
15.525,2.5852508688517664
15.533333333333333,2.5761764691076516
15.541666666666668,2.5694800335869776
15.55,2.5634158020913804
15.558333333333334,2.5551044385886774
15.566666666666666,2.54719088996476
15.575,2.540185646263658
15.583333333333334,2.536750296013749
15.591666666666667,2.530355445578029
15.6,2.525582653156979
15.60833333333333,2.5208792123028165
15.616666666666667,2.516613744128398
15.625000000000002,2.51318791216415
15.633333333333333,2.5084913500524237
15.641666666666667,2.5070974964790085
15.65,2.5042733190958817
15.658333333333333,2.501093263825504
15.666666666666668,2.496022640505423
15.675000000000002,2.4907272009957375
15.683333333333334,2.4866434583849037
15.691666666666666,2.482254205786587
15.7,2.4775713840094955
15.708333333333334,2.473456706997418
15.716666666666667,2.470333785144076
15.724999999999998,2.466010441260268
15.733333333333333,2.462927709710078
15.741666666666667,2.4589828650987444
15.75,2.45366979467228
15.758333333333331,2.4484260312735766
15.766666666666666,2.4450508378709754
15.775000000000002,2.4411637321845068
15.783333333333333,2.4374061100695568
15.791666666666666,2.4331549518322984
15.8,2.4295730607053994
15.808333333333332,2.4255393950356203
15.816666666666668,2.4194863961231134
15.824999999999998,2.413989821265737
15.833333333333334,2.409405145072745
15.841666666666665,2.404109267199134
15.85,2.3977299468057685
15.85833333333333,2.391462829963694
15.866666666666665,2.384995342752852
15.875,2.3781662201130676
15.883333333333333,2.3685774330017266
15.891666666666666,2.361802072140263
15.899999999999999,2.35451461950415
15.908333333333335,2.348194423504488
15.916666666666666,2.3395719077745976
15.925000000000002,2.33098324222394
15.933333333333334,2.3247640429885226
15.941666666666668,2.3182662917256684
15.95,2.310723620001536
15.958333333333336,2.301283250813711
15.966666666666665,2.2944759278662694
15.975000000000001,2.2884078065136775
15.98333333333333,2.282417101833837
15.991666666666665,2.277855578517233
16.0,2.273769270474178
16.008333333333333,2.2710724256588994
16.016666666666666,2.268701046146079
16.025,2.2637780595073917
16.033333333333335,2.2578762394293213
16.041666666666668,2.252136954943894
16.05,2.247109005193603
16.058333333333334,2.2425388718439505
16.066666666666666,2.2382916305829963
16.075,2.2327487992733706
16.083333333333332,2.2269355662329784
16.091666666666665,2.222960770362843
16.1,2.2186021054850613
16.108333333333334,2.215557057570894
16.116666666666667,2.2122159144044558
16.125,2.2082297049631463
16.133333333333333,2.204592079764518
16.141666666666666,2.201992051434039
16.15,2.1976438535085094
16.158333333333335,2.1943127324258955
16.166666666666668,2.1890568254862206
16.175,2.184128779602955
16.183333333333334,2.178806910825058
16.191666666666666,2.175526508796568
16.2,2.1705823703217324
16.208333333333332,2.167482558449189
16.216666666666665,2.1633576550971876
16.225,2.159515943425741
16.233333333333334,2.1572060116532548
16.241666666666667,2.155700982492623
16.25,2.1531774402231507
16.258333333333333,2.1507761948386253
16.266666666666666,2.1479591013424044
16.275,2.1439577690827245
16.283333333333335,2.1409182243495017
16.291666666666668,2.136172228081856
16.3,2.133165985934546
16.308333333333334,2.1293294426824
16.316666666666666,2.124294840521437
16.325,2.1207329844917786
16.333333333333332,2.118482412360901
16.341666666666665,2.1179350374745356
16.35,2.1179890074488377
16.358333333333334,2.1177171304802873
16.366666666666667,2.1147878053141533
16.375,2.1110715619010416
16.383333333333333,2.109170221953579
16.391666666666666,2.108609159776287
16.4,2.1084891116628603
16.408333333333335,2.109259826143854
16.416666666666668,2.107483391542276
16.425,2.106535602043291
16.433333333333334,2.105219989140491
16.441666666666666,2.1016496810110996
16.45,2.0983454162077453
16.458333333333332,2.0973529411542238
16.466666666666665,2.096150441813957
16.475,2.0942895899944918
16.483333333333334,2.0912986667375737
16.491666666666667,2.0877138560355912
16.5,2.087921853847799
16.508333333333333,2.087389281889265
16.516666666666666,2.08663849946918
16.525,2.0841526308940868
16.533333333333335,2.0827400763673745
16.541666666666668,2.0790468936885307
16.55,2.075821459624551
16.558333333333334,2.071035898288125
16.566666666666666,2.0656041760354946
16.575,2.0635347251136986
16.583333333333332,2.061421884403796
16.591666666666665,2.0587364824104397
16.6,2.0543234754783097
16.608333333333334,2.0510257741196263
16.616666666666667,2.048325371811202
16.625,2.047948257814874
16.633333333333333,2.0470090992286996
16.641666666666666,2.04426730031418
16.65,2.038551948248168
16.658333333333335,2.0305360125190086
16.666666666666668,2.0272251101910874
16.675,2.0243329094978497
16.683333333333334,2.0218352395726975
16.691666666666666,2.0154079935679765
16.7,2.0114704200996134
16.708333333333332,2.0061076166360876
16.716666666666665,1.9977300203596042
16.725,1.9907160816404041
16.733333333333334,1.984668149914446
16.741666666666667,1.979775981635464
16.75,1.976681561346165
16.758333333333333,1.9727475387083375
16.766666666666666,1.966725968968727
16.775,1.9605399225228761
16.783333333333335,1.9552072400018874
16.791666666666668,1.9505374681337282
16.8,1.9460305900834156
16.808333333333334,1.9392901491944765
16.816666666666666,1.9356274490026786
16.825,1.932138523777029
16.833333333333332,1.9298508822002993
16.841666666666665,1.9244355679974119
16.85,1.918945919526313
16.858333333333334,1.912494761990269
16.866666666666667,1.9070953244061415
16.875,1.9022812574312267
16.883333333333333,1.8964511156569206
16.891666666666666,1.8901243009265662
16.9,1.8834732349252263
16.908333333333335,1.8789310874576266
16.916666666666668,1.8719330058978614
16.925,1.8647740853253227
16.933333333333334,1.8567109728384983
16.941666666666666,1.8470777397799103
16.95,1.8387088460532295
16.958333333333332,1.8299961604857125
16.966666666666665,1.8216023330609636
16.975,1.8132154592256273
16.983333333333334,1.8066582756271612
16.991666666666667,1.8004021733319766
17.0,1.7936831430585634
17.008333333333333,1.7863503981939926
17.016666666666666,1.7793582614723353
17.025,1.7729457667615056
17.033333333333335,1.7668325753412892
17.041666666666668,1.760523141326884
17.05,1.7551076179095613
17.058333333333334,1.7490486170869328
17.066666666666666,1.743658617730043
17.075,1.7368643248735183
17.083333333333332,1.7308280188338183
17.091666666666665,1.724841878992225
17.1,1.7182600000530648
17.108333333333334,1.711497977612076
17.116666666666667,1.7028054681008318
17.125,1.697389119164292
17.133333333333333,1.6917556502083968
17.141666666666666,1.6840672343635956
17.15,1.6793524782736566
17.158333333333335,1.6735413049741166
17.166666666666668,1.6688371361122416
17.175,1.6633959529976448
17.183333333333334,1.6560102974923168
17.191666666666666,1.6503477905683277
17.2,1.6449296725820046
17.208333333333332,1.6414209335519188
17.216666666666665,1.6344917928431248
17.225,1.6287955408604025
17.233333333333334,1.6212165438075163
17.241666666666667,1.616352888286029
17.25,1.6112048799911853
17.258333333333333,1.6037627597070099
17.266666666666666,1.5999607962014195
17.275,1.5954843222232795
17.283333333333335,1.5916632594068059
17.291666666666668,1.58545301356974
17.3,1.58083020609701
17.308333333333334,1.5751797327217607
17.316666666666666,1.5711199182592956
17.325,1.5647984064891205
17.333333333333332,1.558645342014904
17.341666666666665,1.5514342195021906
17.35,1.5481315007460925
17.358333333333334,1.5460106373315972
17.366666666666667,1.5431197072911824
17.375,1.5382770981444367
17.383333333333333,1.5321141138896215
17.391666666666666,1.5271066233860917
17.4,1.5216305299244497
17.408333333333335,1.518245609125305
17.416666666666668,1.5132639167879622
17.425,1.5088869488999186
17.433333333333334,1.5027125053964485
17.441666666666666,1.497263720745454
17.45,1.4936751688042744
17.458333333333332,1.4896992478184132
17.466666666666665,1.4865235586198415
17.475,1.4830168038255869
17.483333333333334,1.478950487683267
17.491666666666667,1.4767667383755376
17.5,1.4734981243215581
17.508333333333333,1.469979886325544
17.516666666666666,1.4677877560635895
17.525,1.4645575547558036
17.533333333333335,1.462458903073937
17.541666666666668,1.4568503374707764
17.55,1.4513908468008674
17.558333333333334,1.445507505649385
17.566666666666666,1.4411453829030467
17.575,1.4357589631682086
17.583333333333332,1.4313623378571245
17.591666666666665,1.428699012216101
17.6,1.4243551461533595
17.608333333333334,1.4199334954456388
17.616666666666667,1.413951441850752
17.625,1.4088025475067583
17.633333333333333,1.4052113132434698
17.641666666666666,1.4021560282019419
17.65,1.400064254792235
17.658333333333335,1.398178444706977
17.666666666666668,1.3968488563834067
17.675,1.3962030174721147
17.683333333333334,1.395793185451907
17.691666666666666,1.3953046311554096
17.7,1.395121853383039
17.708333333333332,1.3946797726115436
17.716666666666665,1.3944309646947273
17.725,1.392793938593474
17.733333333333334,1.3927996957094015
17.741666666666667,1.3930323028291747
17.75,1.393692802730138
17.758333333333333,1.3963958320332888
17.766666666666666,1.3962134485094304
17.775,1.3977251697835653
17.783333333333335,1.400047091297742
17.791666666666668,1.4011048400982153
17.8,1.401432653884409
17.808333333333334,1.399002180141698
17.816666666666666,1.4009325695327688
17.825,1.4040907214870786
17.833333333333332,1.4085974365655687
17.841666666666665,1.409862145634952
17.85,1.4134612546491017
17.858333333333334,1.4192444633908439
17.866666666666667,1.4224499798947765
17.875,1.4277083156070374
17.883333333333333,1.43144729963185
17.891666666666666,1.4390288599203855
17.9,1.4467353067936368
17.908333333333335,1.4525246004309391
17.916666666666668,1.455885983986171
17.925,1.461384606091834
17.933333333333334,1.4674844836975323
17.941666666666666,1.4753668192142033
17.95,1.4815405456589583
17.958333333333332,1.4867214790473693
17.966666666666665,1.4922725155850258
17.975,1.498167025889821
17.983333333333334,1.5045528099790961
17.991666666666667,1.5062406621413074
18.0,1.5088064095162788
18.008333333333333,1.510528759432673
18.016666666666666,1.5155005006434619
18.025,1.51948819713451
18.033333333333335,1.5248883057651998
18.041666666666668,1.5290293736450795
18.05,1.5330804591975946
18.058333333333334,1.5373157458711433
18.066666666666666,1.5425310798946632
18.075,1.5420183388639257
18.083333333333332,1.5425180010741881
18.091666666666665,1.5393421848921567
18.1,1.5399528658240558
18.108333333333334,1.5412370963504212
18.116666666666667,1.539854998108816
18.125,1.539081994886959
18.133333333333333,1.5371708163987394
18.141666666666666,1.5398491546287294
18.15,1.5408578704123044
18.158333333333335,1.5456529556091094
18.166666666666668,1.5461074727838138
18.175,1.5474497268097804
18.183333333333334,1.5496582232878917
18.191666666666666,1.554873016810733
18.2,1.5560900563050235
18.208333333333332,1.559387333408604
18.216666666666665,1.5617504286983124
18.225,1.5626741954776946
18.233333333333334,1.5706835780352921
18.241666666666667,1.573464177609254
18.25,1.5758278221119049
18.258333333333333,1.5766517242008937
18.266666666666666,1.5783028995663546
18.275,1.575777739949927
18.283333333333335,1.5743840831955564
18.291666666666668,1.5714597529245133
18.3,1.5716277627454356
18.308333333333334,1.5734133382921134
18.316666666666666,1.57032437984702
18.325,1.566953802046905
18.333333333333332,1.5660443802681372
18.341666666666665,1.565165744576309
18.35,1.5624397941488615
18.358333333333334,1.5566738575810448
18.366666666666667,1.5503493187976163
18.375,1.5436421329349928
18.383333333333333,1.5367785569230055
18.391666666666666,1.5305225592295897
18.4,1.5204764813067106
18.408333333333335,1.5093304962976963
18.416666666666668,1.5002044424033234
18.425,1.490060883552014
18.433333333333334,1.4851878344646072
18.441666666666666,1.4756632374511915
18.45,1.4676475584017084
18.458333333333332,1.4581900891815136
18.466666666666665,1.4504436776734322
18.475,1.438858602972431
18.483333333333334,1.4310711222255224
18.491666666666667,1.4249204778623277
18.5,1.4212114494316777
18.508333333333333,1.4167755383128364
18.516666666666666,1.4133980751676543
18.525,1.4122728971580416
18.533333333333335,1.408227363978972
18.541666666666668,1.4043588680327184
18.55,1.3940452994023236
18.558333333333334,1.386425965073468
18.566666666666666,1.3806714450030417
18.575,1.3755836635780863
18.583333333333332,1.3643359325513456
18.591666666666665,1.355167528581468
18.6,1.3460974248858413
18.608333333333334,1.3376028699305424
18.616666666666667,1.3345059583734387
18.625,1.328077994713893
18.633333333333333,1.3168897486888094
18.641666666666666,1.3061584555442756
18.65,1.2929418465992584
18.658333333333335,1.2872706226895883
18.666666666666668,1.28312174921783
18.675,1.2765959234199693
18.683333333333334,1.2667253004204988
18.691666666666666,1.2595808809635836
18.7,1.2541915548799876
18.708333333333332,1.2466602226296264
18.716666666666665,1.244840005331271
18.725,1.2409139636941706
18.733333333333334,1.2357749579389306
18.741666666666667,1.2296066122057758
18.75,1.2274159226352905
18.758333333333333,1.2255107219135317
18.766666666666666,1.221074946153035
18.775,1.2150784484403518
18.783333333333335,1.2099766829181138
18.791666666666668,1.2122582234840509
18.8,1.212336060456845
18.808333333333334,1.206443268690647
18.816666666666666,1.196169570483218
18.825,1.1855071006244926
18.833333333333332,1.182478277314059
18.841666666666665,1.1784333779939782
18.85,1.174674768413468
18.858333333333334,1.1709166836209113
18.866666666666667,1.1653650557659847
18.875,1.1627049221959123
18.883333333333333,1.1586331034985966
18.891666666666666,1.1549588698460362
18.9,1.1507197109995235
18.908333333333335,1.1483005713143015
18.916666666666668,1.145406428816216
18.925,1.1432613257531317
18.933333333333334,1.1411415699356597
18.941666666666666,1.1344587571003137
18.95,1.130907591544556
18.958333333333332,1.1253247932310502
18.966666666666665,1.123157710171237
18.975,1.124800794624643
18.983333333333334,1.123302138836757
18.991666666666667,1.1275767703574915
19.0,1.1272620625427243
19.008333333333333,1.1309121581908708
19.016666666666666,1.1305412217377855
19.025,1.1253088034007575
19.033333333333335,1.1255971293159992
19.041666666666668,1.121282586827476
19.05,1.118495771699728
19.058333333333334,1.111404661692253
19.066666666666666,1.1093976154048932
19.075,1.109986743204765
19.083333333333332,1.112468279274793
19.091666666666665,1.1068402834324529
19.1,1.1064264237660355
19.108333333333334,1.104030343868462
19.116666666666667,1.0957467317921175
19.125,1.087124770411196
19.133333333333333,1.081493711129995
19.141666666666666,1.0797549010055125
19.15,1.0718185410730705
19.158333333333335,1.064154699154079
19.166666666666668,1.0585544791966508
19.175,1.0606254495346128
19.183333333333334,1.0625230708618947
19.191666666666666,1.0605141422265414
19.2,1.0522983568553432
19.208333333333332,1.0522252366108784
19.216666666666665,1.048241859276835
19.225,1.0458918606364298
19.233333333333334,1.0461954447199326
19.241666666666667,1.0329404923228889
19.25,1.032079358679716
19.258333333333333,1.028047129409177
19.266666666666666,1.0158459385150342
19.275,1.0016974578649984
19.283333333333335,0.9897102278629368
19.291666666666668,0.9786432147282005
19.3,0.9715935186847875
19.308333333333334,0.9712891190335774
19.316666666666666,0.9577220061975555
19.325,0.9455799182445694
19.333333333333332,0.9339739879330624
19.341666666666665,0.9239311568703912
19.35,0.9146289833000834
19.358333333333334,0.90983517239601
19.366666666666667,0.9018764363252717
19.375,0.9019626931646653
19.383333333333333,0.9007667252385086
19.391666666666666,0.8953842480015872
19.4,0.891672790489348
19.408333333333335,0.8900329742146967
19.416666666666668,0.8837078842360176
19.425,0.8791234304135872
19.433333333333334,0.8750060579741661
19.441666666666666,0.872780380201819
19.45,0.8769645524220098
19.458333333333332,0.8815970935145779
19.466666666666665,0.8834063067283356
19.475,0.8915176371534355
19.483333333333334,0.8922681199341052
19.491666666666667,0.8842529639751585
19.5,0.874971195204286
19.508333333333333,0.8644949366299567
19.516666666666666,0.8567645527530198
19.525,0.856846052406079
19.533333333333335,0.8546346602550043
19.541666666666668,0.8543293523165333
19.55,0.8521068822120896
19.558333333333334,0.8547185928273888
19.566666666666666,0.8534531269621152
19.575,0.8530668168210714
19.583333333333332,0.8473434480087395
19.591666666666665,0.8421441815050054
19.6,0.8324141372838014
19.608333333333334,0.8252879862421308
19.616666666666667,0.8194777360024956
19.625,0.8092765035504077
19.633333333333333,0.8012742686930097
19.641666666666666,0.7953939565213736
19.65,0.7891661876533024
19.658333333333335,0.7801031154287411
19.666666666666668,0.7713525847782108
19.675,0.7720190704037212
19.683333333333334,0.7650738432628835
19.691666666666666,0.7610235202279751
19.7,0.7589980812680683
19.708333333333332,0.7512733216535029
19.716666666666665,0.741458666540521
19.725,0.7240685569756399
19.733333333333334,0.7073829644364952
19.741666666666667,0.6888143911462594
19.75,0.6671474732843597
19.758333333333333,0.6514566947111265
19.766666666666666,0.638325506779302
19.775,0.6319492178587133
19.783333333333335,0.6269162093489457
19.791666666666668,0.616136407212929
19.8,0.6021252711198708
19.808333333333334,0.591677730329899
19.816666666666666,0.5898454276628367
19.825,0.5893829142923713
19.833333333333332,0.5945678636380315
19.841666666666665,0.5905026772599424
19.85,0.6015660699926204
19.858333333333334,0.6035182102427135
19.866666666666667,0.6081319506440886
19.875,0.6178386291377357
19.883333333333333,0.5950101018907163
19.891666666666666,0.5690409670471266
19.9,0.5317490162122247
19.908333333333335,0.47503839712939233
19.916666666666668,0.4553499483067999
19.925,0.4481041373033989
19.933333333333334,0.4319673297412741
19.941666666666666,0.49394453813270356
